{
  "logreg": {
    "acc": 0.8942857142857142,
    "roc_auc": 0.9711834918957012,
    "f1": 0.8092783505154639,
    "cm": [
      [
        469,
        59
      ],
      [
        15,
        157
      ]
    ]
  },
  "random_forest": {
    "acc": 0.9128571428571428,
    "roc_auc": 0.9625066067653277,
    "f1": 0.8145896656534954,
    "cm": [
      [
        505,
        23
      ],
      [
        38,
        134
      ]
    ]
  },
  "xgboost": {
    "acc": 0.96,
    "roc_auc": 0.9904091789992953,
    "f1": 0.9171597633136095,
    "cm": [
      [
        517,
        11
      ],
      [
        17,
        155
      ]
    ]
  }
}